customer_order_id,stage,stage_entered_at,scheduled_start,scheduled_finish
12474,qa,2026-09-21,2026-09-17,2026-09-22
12475,qa,2026-09-21,2026-09-17,2026-09-22
12476,assembly,2026-09-21,2026-09-21,2026-09-26
12477,assembly,2026-09-21,2026-09-21,2026-09-26
12478,assembly,2026-09-20,2026-09-20,2026-09-25
12481,qa,2026-09-22,2026-09-19,2026-09-24
12483,qa,2026-09-22,2026-09-18,2026-09-23
12484,qa,2026-09-20,2026-09-16,2026-09-21
12494,qa,2026-09-22,2026-09-17,2026-09-24
12500,qa,2026-09-21,2026-09-15,2026-09-22
12505,qa,2026-09-21,2026-09-15,2026-09-22
12507,qa,2026-09-20,2026-09-14,2026-09-21
12514,qa,2026-09-19,2026-09-13,2026-09-20
12518,assembly,2026-09-19,2026-09-19,2026-09-26
12522,assembly,2026-09-18,2026-09-18,2026-09-25
12525,assembly,2026-09-20,2026-09-20,2026-09-27
12527,qa,2026-09-22,2026-09-17,2026-09-24
12529,assembly,2026-09-19,2026-09-19,2026-09-26
12534,qa,2026-09-21,2026-09-15,2026-09-22
12537,qa,2026-09-22,2026-09-17,2026-09-24
12540,qa,2026-09-22,2026-09-16,2026-09-23
12541,qa,2026-09-22,2026-09-16,2026-09-23
12547,qa,2026-09-21,2026-09-12,2026-09-22
12549,qa,2026-09-22,2026-09-14,2026-09-24
12552,assembly,2026-09-16,2026-09-16,2026-09-26
12557,qa,2026-09-22,2026-09-14,2026-09-24
12560,qa,2026-09-22,2026-09-13,2026-09-23
12575,assembly,2026-09-15,2026-09-15,2026-09-25
12578,assembly,2026-09-16,2026-09-16,2026-09-26
12579,qa,2026-09-22,2026-09-13,2026-09-23
12582,qa,2026-09-20,2026-09-11,2026-09-21
12583,assembly,2026-09-15,2026-09-15,2026-09-25
12584,qa,2026-09-19,2026-09-10,2026-09-20
12591,qa,2026-09-20,2026-09-11,2026-09-21
12593,assembly,2026-09-12,2026-09-12,2026-09-26
12594,qa,2026-09-19,2026-09-06,2026-09-20
12598,qa,2026-09-22,2026-09-09,2026-09-23
12612,assembly,2026-09-13,2026-09-13,2026-09-27
12614,assembly,2026-09-12,2026-09-12,2026-09-26
12616,qa,2026-09-22,2026-09-09,2026-09-23
12620,qa,2026-09-19,2026-09-06,2026-09-20
12631,qa,2026-09-19,2026-09-06,2026-09-20
12634,qa,2026-09-20,2026-09-07,2026-09-21
12638,qa,2026-09-22,2026-09-10,2026-09-24
12646,qa,2026-09-22,2026-09-09,2026-09-23
12647,qa,2026-09-19,2026-09-06,2026-09-20
12652,assembly,2026-09-12,2026-09-12,2026-09-26
12657,assembly,2026-09-12,2026-09-12,2026-09-26
12663,qa,2026-09-21,2026-09-08,2026-09-22
12665,qa,2026-09-20,2026-09-07,2026-09-21
12668,assembly,2026-09-13,2026-09-13,2026-09-27
12670,qa,2026-09-21,2026-09-08,2026-09-22
12674,qa,2026-09-22,2026-09-09,2026-09-23
12676,assembly,2026-09-11,2026-09-11,2026-09-25
12680,assembly,2026-09-13,2026-09-13,2026-09-27
12685,qa,2026-09-20,2026-09-07,2026-09-21
12686,assembly,2026-09-13,2026-09-13,2026-09-27
12687,qa,2026-09-22,2026-09-06,2026-09-24
12689,assembly,2026-09-09,2026-09-09,2026-09-27
12690,assembly,2026-09-07,2026-09-07,2026-09-25
12699,assembly,2026-09-07,2026-09-07,2026-09-25
12700,qa,2026-09-21,2026-09-04,2026-09-22
12704,assembly,2026-09-09,2026-09-09,2026-09-27
12712,assembly,2026-09-09,2026-09-09,2026-09-27
12714,qa,2026-09-22,2026-09-06,2026-09-24
12718,qa,2026-09-22,2026-09-05,2026-09-23
12720,qa,2026-09-22,2026-09-06,2026-09-24
12721,assembly,2026-09-07,2026-09-07,2026-09-25
12722,assembly,2026-09-09,2026-09-09,2026-09-27
12726,assembly,2026-09-09,2026-09-09,2026-09-27
12738,qa,2026-09-19,2026-09-02,2026-09-20
12740,assembly,2026-09-09,2026-09-09,2026-09-27
12741,qa,2026-09-22,2026-09-05,2026-09-23
12745,qa,2026-09-20,2026-09-03,2026-09-21
12746,qa,2026-09-22,2026-09-05,2026-09-23
12753,qa,2026-09-20,2026-09-03,2026-09-21
12755,assembly,2026-09-09,2026-09-09,2026-09-27
12756,assembly,2026-09-08,2026-09-08,2026-09-26
12759,qa,2026-09-21,2026-09-04,2026-09-22
12765,qa,2026-09-22,2026-09-06,2026-09-24
12766,qa,2026-09-21,2026-09-04,2026-09-22
12771,qa,2026-09-20,2026-09-03,2026-09-21
12777,scheduled,2026-09-22,2026-10-18,2026-10-23
12778,scheduled,2026-09-22,2026-10-11,2026-10-16
12779,scheduled,2026-09-22,2026-10-16,2026-10-21
12780,scheduled,2026-09-22,2026-10-23,2026-10-28
12781,scheduled,2026-09-15,2026-09-29,2026-10-04
12782,scheduled,2026-09-20,2026-10-04,2026-10-09
12783,scheduled,2026-09-15,2026-09-29,2026-10-04
12784,scheduled,2026-09-19,2026-10-03,2026-10-08
12785,scheduled,2026-09-22,2026-10-22,2026-10-27
12786,scheduled,2026-09-22,2026-10-21,2026-10-26
12787,scheduled,2026-09-15,2026-09-29,2026-10-04
12788,scheduled,2026-09-22,2026-10-09,2026-10-14
12789,scheduled,2026-09-11,2026-09-25,2026-09-30
12790,scheduled,2026-09-15,2026-09-29,2026-10-04
12791,assembly,2026-09-22,2026-09-23,2026-09-28
12792,scheduled,2026-09-22,2026-10-16,2026-10-21
12793,scheduled,2026-09-22,2026-10-11,2026-10-16
12794,scheduled,2026-09-22,2026-10-07,2026-10-12
12795,scheduled,2026-09-21,2026-10-05,2026-10-10
12796,scheduled,2026-09-18,2026-10-02,2026-10-07
12797,scheduled,2026-09-22,2026-10-11,2026-10-16
12798,scheduled,2026-09-22,2026-10-13,2026-10-18
12799,scheduled,2026-09-11,2026-09-25,2026-09-30
12800,scheduled,2026-09-22,2026-10-22,2026-10-27
12801,scheduled,2026-09-17,2026-10-01,2026-10-06
12802,scheduled,2026-09-22,2026-10-15,2026-10-20
12803,scheduled,2026-09-11,2026-09-25,2026-09-30
12804,scheduled,2026-09-22,2026-10-19,2026-10-24
12805,scheduled,2026-09-17,2026-10-01,2026-10-06
12806,scheduled,2026-09-10,2026-09-24,2026-09-29
12807,scheduled,2026-09-22,2026-10-21,2026-10-28
12808,scheduled,2026-09-12,2026-09-26,2026-10-03
12809,scheduled,2026-09-22,2026-10-20,2026-10-27
12810,assembly,2026-09-22,2026-09-22,2026-09-29
12811,scheduled,2026-09-22,2026-10-13,2026-10-20
12812,scheduled,2026-09-21,2026-10-05,2026-10-12
12813,scheduled,2026-09-22,2026-10-07,2026-10-14
12814,scheduled,2026-09-20,2026-10-04,2026-10-11
12815,scheduled,2026-09-22,2026-10-12,2026-10-19
12816,assembly,2026-09-21,2026-09-21,2026-09-28
12817,scheduled,2026-09-22,2026-10-08,2026-10-15
12818,scheduled,2026-09-10,2026-09-24,2026-10-01
12819,scheduled,2026-09-10,2026-09-24,2026-10-01
12820,scheduled,2026-09-22,2026-10-14,2026-10-21
12821,scheduled,2026-09-22,2026-10-21,2026-10-28
12822,scheduled,2026-09-22,2026-10-11,2026-10-18
12823,scheduled,2026-09-17,2026-10-01,2026-10-08
12824,scheduled,2026-09-19,2026-10-03,2026-10-10
12825,scheduled,2026-09-22,2026-10-12,2026-10-19
12826,scheduled,2026-09-22,2026-10-10,2026-10-17
12827,scheduled,2026-09-21,2026-10-05,2026-10-12
12828,scheduled,2026-09-22,2026-10-15,2026-10-22
12829,scheduled,2026-09-22,2026-10-15,2026-10-22
12830,scheduled,2026-09-16,2026-09-30,2026-10-07
12831,scheduled,2026-09-17,2026-10-01,2026-10-08
12832,scheduled,2026-09-22,2026-10-08,2026-10-15
12833,scheduled,2026-09-19,2026-10-03,2026-10-10
12834,scheduled,2026-09-10,2026-09-24,2026-10-01
12835,scheduled,2026-09-22,2026-10-08,2026-10-15
12836,scheduled,2026-09-22,2026-10-21,2026-10-28
12837,scheduled,2026-09-11,2026-09-25,2026-10-02
12838,scheduled,2026-09-22,2026-10-15,2026-10-22
12839,scheduled,2026-09-22,2026-10-19,2026-10-26
12840,scheduled,2026-09-22,2026-10-12,2026-10-19
12841,scheduled,2026-09-14,2026-09-28,2026-10-05
12842,scheduled,2026-09-22,2026-10-12,2026-10-19
12843,assembly,2026-09-21,2026-09-21,2026-09-28
12844,scheduled,2026-09-22,2026-10-12,2026-10-19
12845,scheduled,2026-09-16,2026-09-30,2026-10-07
12846,scheduled,2026-09-22,2026-10-14,2026-10-21
12847,scheduled,2026-09-22,2026-10-07,2026-10-14
12848,scheduled,2026-09-22,2026-10-06,2026-10-16
12849,scheduled,2026-09-22,2026-10-18,2026-10-28
12850,scheduled,2026-09-12,2026-09-26,2026-10-06
12851,scheduled,2026-09-22,2026-10-13,2026-10-23
12852,assembly,2026-09-18,2026-09-18,2026-09-28
12853,scheduled,2026-09-22,2026-10-13,2026-10-23
12854,scheduled,2026-09-22,2026-10-08,2026-10-18
12855,scheduled,2026-09-17,2026-10-01,2026-10-11
12856,scheduled,2026-09-19,2026-10-03,2026-10-13
12857,scheduled,2026-09-14,2026-09-28,2026-10-08
12858,scheduled,2026-09-22,2026-10-11,2026-10-21
12859,scheduled,2026-09-22,2026-10-07,2026-10-17
12860,scheduled,2026-09-13,2026-09-27,2026-10-07
12861,scheduled,2026-09-22,2026-10-12,2026-10-22
12862,scheduled,2026-09-22,2026-10-07,2026-10-17
12863,scheduled,2026-09-17,2026-10-01,2026-10-11
12864,assembly,2026-09-20,2026-09-20,2026-09-30
12865,scheduled,2026-09-22,2026-10-09,2026-10-19
12866,scheduled,2026-09-22,2026-10-17,2026-10-27
12867,scheduled,2026-09-22,2026-10-07,2026-10-17
12868,scheduled,2026-09-22,2026-10-06,2026-10-16
12869,scheduled,2026-09-22,2026-10-16,2026-10-26
12870,scheduled,2026-09-22,2026-10-15,2026-10-25
12871,scheduled,2026-09-22,2026-10-14,2026-10-24
12872,scheduled,2026-09-22,2026-10-18,2026-10-28
12873,scheduled,2026-09-19,2026-10-03,2026-10-13
12874,scheduled,2026-09-22,2026-10-10,2026-10-20
12875,scheduled,2026-09-22,2026-10-12,2026-10-22
12876,scheduled,2026-09-22,2026-10-08,2026-10-18
12877,scheduled,2026-09-22,2026-10-06,2026-10-16
12878,scheduled,2026-09-22,2026-10-17,2026-10-27
12879,scheduled,2026-09-15,2026-09-29,2026-10-09
12880,scheduled,2026-09-21,2026-10-05,2026-10-15
12881,scheduled,2026-09-10,2026-09-24,2026-10-04
12882,scheduled,2026-09-22,2026-10-12,2026-10-22
12883,assembly,2026-09-19,2026-09-19,2026-09-29
12884,scheduled,2026-09-18,2026-10-02,2026-10-12
12885,scheduled,2026-09-22,2026-10-11,2026-10-21
12886,scheduled,2026-09-15,2026-09-29,2026-10-09
12887,scheduled,2026-09-19,2026-10-03,2026-10-13
12888,scheduled,2026-09-20,2026-10-04,2026-10-14
12889,scheduled,2026-09-22,2026-10-16,2026-10-26
12890,scheduled,2026-09-15,2026-09-29,2026-10-09
12891,scheduled,2026-09-22,2026-10-13,2026-10-23
12892,scheduled,2026-09-11,2026-09-25,2026-10-05
12893,assembly,2026-09-22,2026-09-23,2026-10-03
12894,scheduled,2026-09-14,2026-09-28,2026-10-08
12895,scheduled,2026-09-22,2026-10-18,2026-10-28
12896,scheduled,2026-09-16,2026-09-30,2026-10-10
12897,scheduled,2026-09-22,2026-10-09,2026-10-19
12898,assembly,2026-09-20,2026-09-20,2026-09-30
12899,scheduled,2026-09-12,2026-09-26,2026-10-06
12900,scheduled,2026-09-15,2026-09-29,2026-10-09
12901,scheduled,2026-09-10,2026-09-24,2026-10-04
12902,scheduled,2026-09-21,2026-10-05,2026-10-15
12903,assembly,2026-09-19,2026-09-19,2026-09-29
12904,scheduled,2026-09-18,2026-10-02,2026-10-12
12905,scheduled,2026-09-22,2026-10-09,2026-10-19
12906,scheduled,2026-09-16,2026-09-30,2026-10-10
12907,scheduled,2026-09-16,2026-09-30,2026-10-14
12908,scheduled,2026-09-15,2026-09-29,2026-10-13
12909,assembly,2026-09-22,2026-09-23,2026-10-07
12910,scheduled,2026-09-20,2026-10-04,2026-10-18
12911,scheduled,2026-09-10,2026-09-24,2026-10-08
12912,scheduled,2026-09-22,2026-10-11,2026-10-25
12913,assembly,2026-09-14,2026-09-14,2026-09-28
12914,scheduled,2026-09-22,2026-10-10,2026-10-24
12915,scheduled,2026-09-19,2026-10-03,2026-10-17
12916,scheduled,2026-09-22,2026-10-14,2026-10-28
12917,scheduled,2026-09-16,2026-09-30,2026-10-14
12918,scheduled,2026-09-22,2026-10-11,2026-10-25
12919,scheduled,2026-09-16,2026-09-30,2026-10-14
12920,scheduled,2026-09-22,2026-10-10,2026-10-24
12921,assembly,2026-09-18,2026-09-18,2026-10-02
12922,scheduled,2026-09-14,2026-09-28,2026-10-12
12923,assembly,2026-09-21,2026-09-21,2026-10-05
12924,scheduled,2026-09-21,2026-10-05,2026-10-19
12925,assembly,2026-09-22,2026-09-22,2026-10-06
12926,scheduled,2026-09-19,2026-10-03,2026-10-17
12927,assembly,2026-09-16,2026-09-16,2026-09-30
12928,assembly,2026-09-17,2026-09-17,2026-10-01
12929,scheduled,2026-09-22,2026-10-07,2026-10-21
12930,scheduled,2026-09-22,2026-10-06,2026-10-20
12931,scheduled,2026-09-22,2026-10-11,2026-10-25
12932,scheduled,2026-09-11,2026-09-25,2026-10-09
12933,scheduled,2026-09-19,2026-10-03,2026-10-17
12934,scheduled,2026-09-22,2026-10-06,2026-10-20
12935,scheduled,2026-09-22,2026-10-10,2026-10-24
12936,scheduled,2026-09-19,2026-10-03,2026-10-17
12937,scheduled,2026-09-11,2026-09-25,2026-10-09
12938,assembly,2026-09-20,2026-09-20,2026-10-04
12939,scheduled,2026-09-19,2026-10-03,2026-10-17
12940,scheduled,2026-09-12,2026-09-26,2026-10-10
12941,assembly,2026-09-19,2026-09-19,2026-10-03
12942,scheduled,2026-09-14,2026-09-28,2026-10-12
12943,scheduled,2026-09-13,2026-09-27,2026-10-11
12944,scheduled,2026-09-10,2026-09-24,2026-10-08
12945,assembly,2026-09-21,2026-09-21,2026-10-05
12946,scheduled,2026-09-14,2026-09-28,2026-10-12
12947,scheduled,2026-09-22,2026-10-08,2026-10-22
12948,scheduled,2026-09-17,2026-10-01,2026-10-15
12949,scheduled,2026-09-17,2026-10-01,2026-10-15
12950,scheduled,2026-09-18,2026-10-02,2026-10-16
12951,assembly,2026-09-18,2026-09-18,2026-10-02
12952,scheduled,2026-09-22,2026-10-09,2026-10-23
12953,scheduled,2026-09-11,2026-09-25,2026-10-09
12954,scheduled,2026-09-18,2026-10-02,2026-10-16
12955,assembly,2026-09-22,2026-09-23,2026-10-07
12956,assembly,2026-09-15,2026-09-15,2026-09-29
12957,scheduled,2026-09-22,2026-10-12,2026-10-26
12958,scheduled,2026-09-17,2026-10-01,2026-10-15
12959,scheduled,2026-09-16,2026-09-30,2026-10-14
12960,scheduled,2026-09-22,2026-10-07,2026-10-21
12961,assembly,2026-09-21,2026-09-21,2026-10-05
12962,scheduled,2026-09-20,2026-10-04,2026-10-18
12963,scheduled,2026-09-15,2026-09-29,2026-10-13
12964,scheduled,2026-09-13,2026-09-27,2026-10-11
12965,scheduled,2026-09-22,2026-10-13,2026-10-27
12966,scheduled,2026-09-19,2026-10-03,2026-10-17
12967,assembly,2026-09-14,2026-09-14,2026-09-28
12968,scheduled,2026-09-17,2026-10-01,2026-10-15
12969,scheduled,2026-09-21,2026-10-05,2026-10-19
12970,scheduled,2026-09-12,2026-09-26,2026-10-10
12971,scheduled,2026-09-20,2026-10-04,2026-10-18
12972,scheduled,2026-09-12,2026-09-26,2026-10-14
12973,scheduled,2026-09-22,2026-10-10,2026-10-28
12974,assembly,2026-09-22,2026-09-22,2026-10-10
12975,scheduled,2026-09-20,2026-10-04,2026-10-22
12976,assembly,2026-09-13,2026-09-13,2026-10-01
12977,assembly,2026-09-11,2026-09-11,2026-09-29
12978,scheduled,2026-09-19,2026-10-03,2026-10-21
12979,scheduled,2026-09-14,2026-09-28,2026-10-16
12980,assembly,2026-09-18,2026-09-18,2026-10-06
12981,assembly,2026-09-15,2026-09-15,2026-10-03
12982,scheduled,2026-09-22,2026-10-09,2026-10-27
12983,assembly,2026-09-21,2026-09-21,2026-10-09
12984,scheduled,2026-09-15,2026-09-29,2026-10-17
12985,assembly,2026-09-16,2026-09-16,2026-10-04
12986,scheduled,2026-09-21,2026-10-05,2026-10-23
12987,scheduled,2026-09-16,2026-09-30,2026-10-18
12988,assembly,2026-09-10,2026-09-10,2026-09-28
12989,scheduled,2026-09-22,2026-10-08,2026-10-26
12990,scheduled,2026-09-19,2026-10-03,2026-10-21
12991,scheduled,2026-09-12,2026-09-26,2026-10-14
12992,scheduled,2026-09-22,2026-10-06,2026-10-24
12993,assembly,2026-09-18,2026-09-18,2026-10-06
12994,scheduled,2026-09-17,2026-10-01,2026-10-19
12995,assembly,2026-09-15,2026-09-15,2026-10-03
12996,scheduled,2026-09-22,2026-10-10,2026-10-28
12997,assembly,2026-09-22,2026-09-22,2026-10-10
12998,assembly,2026-09-18,2026-09-18,2026-10-06
12999,scheduled,2026-09-12,2026-09-26,2026-10-14
13000,assembly,2026-09-22,2026-09-22,2026-10-10
13001,scheduled,2026-09-14,2026-09-28,2026-10-16
13002,scheduled,2026-09-13,2026-09-27,2026-10-15
13003,scheduled,2026-09-22,2026-10-10,2026-10-28
13004,assembly,2026-09-19,2026-09-19,2026-10-07
13005,scheduled,2026-09-20,2026-10-04,2026-10-22
13006,scheduled,2026-09-18,2026-10-02,2026-10-20
13007,assembly,2026-09-13,2026-09-13,2026-10-01
13008,assembly,2026-09-13,2026-09-13,2026-10-01
13009,scheduled,2026-09-22,2026-10-09,2026-10-27
13010,assembly,2026-09-12,2026-09-12,2026-09-30
13011,scheduled,2026-09-16,2026-09-30,2026-10-18
13012,scheduled,2026-09-11,2026-09-25,2026-10-13
13013,scheduled,2026-09-19,2026-10-03,2026-10-21
13014,scheduled,2026-09-11,2026-09-25,2026-10-13
13015,assembly,2026-09-12,2026-09-12,2026-09-30
13016,assembly,2026-09-12,2026-09-12,2026-09-30
13017,scheduled,2026-09-21,2026-10-05,2026-10-23
13018,scheduled,2026-09-16,2026-09-30,2026-10-18
13019,assembly,2026-09-22,2026-09-23,2026-10-11
13020,scheduled,2026-09-18,2026-10-02,2026-10-20
13021,scheduled,2026-09-16,2026-09-30,2026-10-18
13022,scheduled,2026-09-10,2026-09-24,2026-10-12
13023,scheduled,2026-09-16,2026-09-30,2026-10-18
13024,scheduled,2026-09-11,2026-09-25,2026-10-13
13025,assembly,2026-09-14,2026-09-14,2026-10-02
13026,scheduled,2026-09-22,2026-10-07,2026-10-25
13027,assembly,2026-09-19,2026-09-19,2026-10-07
13028,assembly,2026-09-13,2026-09-13,2026-10-01
13029,scheduled,2026-09-22,2026-10-09,2026-10-27
13030,scheduled,2026-09-14,2026-09-28,2026-10-16
13031,assembly,2026-09-16,2026-09-16,2026-10-04
13032,assembly,2026-09-13,2026-09-13,2026-10-01
13033,assembly,2026-09-22,2026-09-22,2026-10-10
13034,scheduled,2026-09-22,2026-10-09,2026-10-27
13035,scheduled,2026-09-16,2026-09-30,2026-10-18
13036,assembly,2026-09-20,2026-09-20,2026-10-08
13037,assembly,2026-09-17,2026-09-17,2026-10-05
13038,assembly,2026-09-21,2026-09-21,2026-10-09
13039,scheduled,2026-09-22,2026-10-07,2026-10-25
13040,assembly,2026-09-16,2026-09-16,2026-10-04
13041,assembly,2026-09-15,2026-09-15,2026-10-03
13042,scheduled,2026-09-10,2026-09-24,2026-10-12
13043,scheduled,2026-09-22,2026-10-08,2026-10-26
13044,scheduled,2026-09-22,2026-10-09,2026-10-27
13045,assembly,2026-09-12,2026-09-12,2026-09-30
13046,scheduled,2026-09-15,2026-09-29,2026-10-17
13047,assembly,2026-09-19,2026-09-19,2026-10-07
13048,scheduled,2026-09-22,2026-10-09,2026-10-27
13049,assembly,2026-09-15,2026-09-15,2026-10-03
13050,scheduled,2026-09-22,2026-10-10,2026-10-28
13051,scheduled,2026-09-10,2026-09-24,2026-10-12
13052,scheduled,2026-09-22,2026-10-09,2026-10-27
13053,scheduled,2026-09-22,2026-10-10,2026-10-28
13054,assembly,2026-09-18,2026-09-18,2026-10-06
13055,scheduled,2026-09-15,2026-09-29,2026-10-17
13056,scheduled,2026-09-22,2026-10-07,2026-10-25
13057,scheduled,2026-09-16,2026-09-30,2026-10-18
13058,scheduled,2026-09-12,2026-09-26,2026-10-14
13059,scheduled,2026-09-22,2026-10-09,2026-10-27
13060,scheduled,2026-09-19,2026-10-03,2026-10-21
13061,assembly,2026-09-22,2026-09-22,2026-10-10
13062,scheduled,2026-09-10,2026-09-24,2026-10-12
13063,scheduled,2026-09-22,2026-10-26,2026-10-31
13064,scheduled,2026-09-22,2026-11-04,2026-11-09
13065,scheduled,2026-09-22,2026-11-16,2026-11-21
13066,scheduled,2026-09-22,2026-11-09,2026-11-14
13067,scheduled,2026-09-22,2026-10-29,2026-11-03
13068,scheduled,2026-09-22,2026-10-28,2026-11-02
13069,scheduled,2026-09-22,2026-11-17,2026-11-22
13070,scheduled,2026-09-22,2026-11-04,2026-11-09
13071,scheduled,2026-09-22,2026-11-08,2026-11-13
13072,scheduled,2026-09-22,2026-10-30,2026-11-04
13073,scheduled,2026-09-22,2026-10-26,2026-10-31
13074,scheduled,2026-09-22,2026-11-07,2026-11-12
13075,scheduled,2026-09-22,2026-10-26,2026-10-31
13076,scheduled,2026-09-22,2026-11-01,2026-11-06
13077,scheduled,2026-09-22,2026-10-28,2026-11-02
13078,scheduled,2026-09-22,2026-10-25,2026-10-30
13079,scheduled,2026-09-22,2026-11-10,2026-11-15
13080,scheduled,2026-09-22,2026-11-15,2026-11-20
13081,scheduled,2026-09-22,2026-11-08,2026-11-13
13082,scheduled,2026-09-22,2026-11-12,2026-11-17
13083,scheduled,2026-09-22,2026-11-07,2026-11-12
13084,scheduled,2026-09-22,2026-11-18,2026-11-23
13085,scheduled,2026-09-22,2026-11-08,2026-11-13
13086,scheduled,2026-09-22,2026-11-16,2026-11-21
13087,scheduled,2026-09-22,2026-11-19,2026-11-24
13088,scheduled,2026-09-22,2026-11-19,2026-11-24
13089,scheduled,2026-09-22,2026-10-28,2026-11-02
13090,scheduled,2026-09-22,2026-11-05,2026-11-12
13091,scheduled,2026-09-22,2026-11-04,2026-11-11
13092,scheduled,2026-09-22,2026-10-22,2026-10-29
13093,scheduled,2026-09-22,2026-11-06,2026-11-13
13094,scheduled,2026-09-22,2026-11-03,2026-11-10
13095,scheduled,2026-09-22,2026-11-18,2026-11-25
13096,scheduled,2026-09-22,2026-11-20,2026-11-27
13097,scheduled,2026-09-22,2026-11-14,2026-11-21
13098,scheduled,2026-09-22,2026-10-29,2026-11-05
13099,scheduled,2026-09-22,2026-11-20,2026-11-27
13100,scheduled,2026-09-22,2026-11-15,2026-11-22
13101,scheduled,2026-09-22,2026-11-20,2026-11-27
13102,scheduled,2026-09-22,2026-11-11,2026-11-18
13103,scheduled,2026-09-22,2026-10-28,2026-11-04
13104,scheduled,2026-09-22,2026-11-06,2026-11-13
13105,scheduled,2026-09-22,2026-11-09,2026-11-16
13106,scheduled,2026-09-22,2026-11-13,2026-11-20
13107,scheduled,2026-09-22,2026-11-11,2026-11-18
13108,scheduled,2026-09-22,2026-11-04,2026-11-11
13109,scheduled,2026-09-22,2026-11-16,2026-11-23
13110,scheduled,2026-09-22,2026-10-25,2026-11-01
13111,scheduled,2026-09-22,2026-11-19,2026-11-26
13112,scheduled,2026-09-22,2026-11-15,2026-11-22
13113,scheduled,2026-09-22,2026-11-18,2026-11-25
13114,scheduled,2026-09-22,2026-10-31,2026-11-07
13115,scheduled,2026-09-22,2026-11-09,2026-11-16
13116,scheduled,2026-09-22,2026-11-03,2026-11-10
13117,scheduled,2026-09-22,2026-10-22,2026-10-29
13118,scheduled,2026-09-22,2026-10-24,2026-10-31
13119,scheduled,2026-09-22,2026-11-12,2026-11-19
13120,scheduled,2026-09-22,2026-10-30,2026-11-06
13121,scheduled,2026-09-22,2026-11-12,2026-11-19
13122,scheduled,2026-09-22,2026-11-11,2026-11-21
13123,scheduled,2026-09-22,2026-10-19,2026-10-29
13124,scheduled,2026-09-22,2026-11-03,2026-11-13
13125,scheduled,2026-09-22,2026-11-05,2026-11-15
13126,scheduled,2026-09-22,2026-10-19,2026-10-29
13127,scheduled,2026-09-22,2026-11-02,2026-11-12
13128,scheduled,2026-09-22,2026-11-01,2026-11-11
13129,scheduled,2026-09-22,2026-11-03,2026-11-13
13130,scheduled,2026-09-22,2026-11-13,2026-11-23
13131,scheduled,2026-09-22,2026-10-19,2026-10-29
13132,scheduled,2026-09-22,2026-10-20,2026-10-30
13133,scheduled,2026-09-22,2026-11-14,2026-11-24
13134,scheduled,2026-09-22,2026-11-11,2026-11-21
13135,scheduled,2026-09-22,2026-10-23,2026-11-02
13136,scheduled,2026-09-22,2026-11-12,2026-11-22
13137,scheduled,2026-09-22,2026-10-28,2026-11-07
13138,scheduled,2026-09-22,2026-10-19,2026-10-29
13139,scheduled,2026-09-22,2026-10-31,2026-11-10
13140,scheduled,2026-09-22,2026-11-03,2026-11-13
13141,scheduled,2026-09-22,2026-11-16,2026-11-26
13142,scheduled,2026-09-22,2026-10-27,2026-11-06
13143,scheduled,2026-09-22,2026-11-06,2026-11-16
13144,scheduled,2026-09-22,2026-11-16,2026-11-26
13145,scheduled,2026-09-22,2026-11-17,2026-11-27
13146,scheduled,2026-09-22,2026-10-27,2026-11-06
13147,scheduled,2026-09-22,2026-11-04,2026-11-14
13148,scheduled,2026-09-22,2026-10-24,2026-11-03
13149,scheduled,2026-09-22,2026-11-16,2026-11-26
13150,scheduled,2026-09-22,2026-11-08,2026-11-18
13151,scheduled,2026-09-22,2026-11-09,2026-11-19
13152,scheduled,2026-09-22,2026-11-08,2026-11-18
13153,scheduled,2026-09-22,2026-11-03,2026-11-13
13154,scheduled,2026-09-22,2026-11-15,2026-11-25
13155,scheduled,2026-09-22,2026-11-05,2026-11-15
13156,scheduled,2026-09-22,2026-10-29,2026-11-08
13157,scheduled,2026-09-22,2026-10-25,2026-11-04
13158,scheduled,2026-09-22,2026-11-07,2026-11-17
13159,scheduled,2026-09-22,2026-11-08,2026-11-18
13160,scheduled,2026-09-22,2026-10-26,2026-11-05
13161,scheduled,2026-09-22,2026-11-01,2026-11-11
13162,scheduled,2026-09-22,2026-11-14,2026-11-24
13163,scheduled,2026-09-22,2026-10-24,2026-11-03
13164,scheduled,2026-09-22,2026-10-19,2026-10-29
13165,scheduled,2026-09-22,2026-10-25,2026-11-08
13166,scheduled,2026-09-22,2026-11-05,2026-11-19
13167,scheduled,2026-09-22,2026-10-28,2026-11-11
13168,scheduled,2026-09-22,2026-10-28,2026-11-11
13169,scheduled,2026-09-22,2026-10-17,2026-10-31
13170,scheduled,2026-09-22,2026-10-26,2026-11-09
13171,scheduled,2026-09-22,2026-10-20,2026-11-03
13172,scheduled,2026-09-22,2026-11-05,2026-11-19
13173,scheduled,2026-09-22,2026-10-30,2026-11-13
13174,scheduled,2026-09-22,2026-10-21,2026-11-04
13175,scheduled,2026-09-22,2026-11-06,2026-11-20
13176,scheduled,2026-09-22,2026-11-05,2026-11-19
13177,scheduled,2026-09-22,2026-11-04,2026-11-18
13178,scheduled,2026-09-22,2026-10-28,2026-11-11
13179,scheduled,2026-09-22,2026-10-16,2026-10-30
13180,scheduled,2026-09-22,2026-11-04,2026-11-18
13181,scheduled,2026-09-22,2026-10-26,2026-11-09
13182,scheduled,2026-09-22,2026-10-23,2026-11-06
13183,scheduled,2026-09-22,2026-11-02,2026-11-16
13184,scheduled,2026-09-22,2026-10-16,2026-10-30
13185,scheduled,2026-09-22,2026-11-07,2026-11-21
13186,scheduled,2026-09-22,2026-11-06,2026-11-20
13187,scheduled,2026-09-22,2026-10-15,2026-10-29
13188,scheduled,2026-09-22,2026-10-16,2026-10-30
13189,scheduled,2026-09-22,2026-11-07,2026-11-21
13190,scheduled,2026-09-22,2026-10-18,2026-11-01
13191,scheduled,2026-09-22,2026-11-08,2026-11-22
13192,scheduled,2026-09-22,2026-10-26,2026-11-09
13193,scheduled,2026-09-22,2026-11-08,2026-11-22
13194,scheduled,2026-09-22,2026-10-15,2026-10-29
13195,scheduled,2026-09-22,2026-11-07,2026-11-21
13196,scheduled,2026-09-22,2026-11-04,2026-11-18
13197,scheduled,2026-09-22,2026-11-02,2026-11-16
13198,scheduled,2026-09-22,2026-11-01,2026-11-15
13199,scheduled,2026-09-22,2026-10-17,2026-10-31
13200,scheduled,2026-09-22,2026-10-16,2026-10-30
13201,scheduled,2026-09-22,2026-10-22,2026-11-05
13202,scheduled,2026-09-22,2026-10-26,2026-11-09
13203,scheduled,2026-09-22,2026-11-03,2026-11-17
13204,scheduled,2026-09-22,2026-11-08,2026-11-22
13205,scheduled,2026-09-22,2026-10-21,2026-11-04
13206,scheduled,2026-09-22,2026-11-07,2026-11-21
13207,scheduled,2026-09-22,2026-11-04,2026-11-18
13208,scheduled,2026-09-22,2026-11-08,2026-11-22
13209,scheduled,2026-09-22,2026-11-05,2026-11-19
13210,scheduled,2026-09-22,2026-11-12,2026-11-26
13211,scheduled,2026-09-22,2026-11-10,2026-11-24
13212,scheduled,2026-09-22,2026-10-23,2026-11-06
13213,scheduled,2026-09-22,2026-11-01,2026-11-15
13214,scheduled,2026-09-22,2026-10-20,2026-11-03
13215,scheduled,2026-09-22,2026-10-21,2026-11-04
13216,scheduled,2026-09-22,2026-11-01,2026-11-15
13217,scheduled,2026-09-22,2026-11-06,2026-11-20
13218,scheduled,2026-09-22,2026-10-20,2026-11-03
13219,scheduled,2026-09-22,2026-10-13,2026-10-31
13220,scheduled,2026-09-22,2026-10-30,2026-11-17
13221,scheduled,2026-09-22,2026-10-31,2026-11-18
13222,scheduled,2026-09-22,2026-10-28,2026-11-15
13223,scheduled,2026-09-22,2026-10-24,2026-11-11
13224,scheduled,2026-09-22,2026-10-26,2026-11-13
13225,scheduled,2026-09-22,2026-11-08,2026-11-26
13226,scheduled,2026-09-22,2026-11-09,2026-11-27
13227,scheduled,2026-09-22,2026-11-05,2026-11-23
13228,scheduled,2026-09-22,2026-10-18,2026-11-05
13229,scheduled,2026-09-22,2026-10-16,2026-11-03
13230,scheduled,2026-09-22,2026-10-26,2026-11-13
13231,scheduled,2026-09-22,2026-11-05,2026-11-23
13232,scheduled,2026-09-22,2026-10-19,2026-11-06
13233,scheduled,2026-09-22,2026-11-09,2026-11-27
13234,scheduled,2026-09-22,2026-11-01,2026-11-19
13235,scheduled,2026-09-22,2026-10-19,2026-11-06
13236,scheduled,2026-09-22,2026-11-03,2026-11-21
13237,scheduled,2026-09-22,2026-10-27,2026-11-14
13238,scheduled,2026-09-22,2026-10-12,2026-10-30
13239,scheduled,2026-09-22,2026-10-17,2026-11-04
13240,scheduled,2026-09-22,2026-10-29,2026-11-16
13241,scheduled,2026-09-22,2026-10-25,2026-11-12
13242,scheduled,2026-09-22,2026-10-28,2026-11-15
13243,scheduled,2026-09-22,2026-10-31,2026-11-18
13244,scheduled,2026-09-22,2026-11-06,2026-11-24
13245,scheduled,2026-09-22,2026-10-26,2026-11-13
13246,scheduled,2026-09-22,2026-11-07,2026-11-25
13247,scheduled,2026-09-22,2026-10-28,2026-11-15
13248,scheduled,2026-09-22,2026-10-15,2026-11-02
13249,scheduled,2026-09-22,2026-10-22,2026-11-09
13250,scheduled,2026-09-22,2026-11-04,2026-11-22
13251,scheduled,2026-09-22,2026-11-01,2026-11-19
13252,scheduled,2026-09-22,2026-10-25,2026-11-12
13253,scheduled,2026-09-22,2026-10-24,2026-11-11
13254,scheduled,2026-09-22,2026-10-18,2026-11-05
13255,scheduled,2026-09-22,2026-11-04,2026-11-22
13256,scheduled,2026-09-22,2026-10-22,2026-11-09
13257,scheduled,2026-09-22,2026-10-13,2026-10-31
13258,scheduled,2026-09-22,2026-10-28,2026-11-15
13259,scheduled,2026-09-22,2026-11-08,2026-11-26
13260,scheduled,2026-09-22,2026-11-08,2026-11-26
13261,scheduled,2026-09-22,2026-10-18,2026-11-05
13262,scheduled,2026-09-22,2026-11-05,2026-11-23
13263,scheduled,2026-09-22,2026-10-12,2026-10-30
13264,scheduled,2026-09-22,2026-11-08,2026-11-26
13265,scheduled,2026-09-22,2026-10-18,2026-11-05
13266,scheduled,2026-09-22,2026-11-02,2026-11-20
13267,scheduled,2026-09-22,2026-10-11,2026-10-29
13268,scheduled,2026-09-22,2026-11-06,2026-11-24
13269,scheduled,2026-09-22,2026-11-09,2026-11-27
13270,scheduled,2026-09-22,2026-11-09,2026-11-27
13271,scheduled,2026-09-22,2026-10-25,2026-11-12
13272,scheduled,2026-09-22,2026-10-23,2026-11-10
13273,scheduled,2026-09-22,2026-10-17,2026-11-04
13274,scheduled,2026-09-22,2026-10-31,2026-11-18
13275,scheduled,2026-09-22,2026-10-19,2026-11-06
13276,scheduled,2026-09-22,2026-10-11,2026-10-29
13277,scheduled,2026-09-22,2026-11-06,2026-11-24
13278,scheduled,2026-09-22,2026-10-18,2026-11-05
13279,scheduled,2026-09-22,2026-11-05,2026-11-23
13280,scheduled,2026-09-22,2026-10-21,2026-11-08
13281,scheduled,2026-09-22,2026-11-09,2026-11-27
13282,scheduled,2026-09-22,2026-11-03,2026-11-21
13283,scheduled,2026-09-22,2026-10-17,2026-11-04
13284,scheduled,2026-09-22,2026-10-30,2026-11-17
13285,scheduled,2026-09-22,2026-10-12,2026-10-30
13286,scheduled,2026-09-22,2026-10-12,2026-10-30
13287,scheduled,2026-09-22,2026-10-15,2026-11-02
13288,scheduled,2026-09-22,2026-10-19,2026-11-06
13289,scheduled,2026-09-22,2026-10-18,2026-11-05
13290,scheduled,2026-09-22,2026-10-18,2026-11-05
13291,scheduled,2026-09-22,2026-11-06,2026-11-24
13292,scheduled,2026-09-22,2026-10-18,2026-11-05
13294,scheduled,2026-09-22,2026-11-23,2026-11-28
13295,scheduled,2026-09-22,2026-12-11,2026-12-16
13296,scheduled,2026-09-22,2026-12-06,2026-12-11
13297,scheduled,2026-09-22,2026-12-04,2026-12-09
13298,scheduled,2026-09-22,2026-12-06,2026-12-11
13299,scheduled,2026-09-22,2026-12-12,2026-12-17
13300,scheduled,2026-09-22,2026-11-28,2026-12-03
13301,scheduled,2026-09-22,2026-12-13,2026-12-18
13302,scheduled,2026-09-22,2026-12-11,2026-12-16
13303,scheduled,2026-09-22,2026-12-09,2026-12-14
13304,scheduled,2026-09-22,2026-12-05,2026-12-10
13306,scheduled,2026-09-22,2026-12-01,2026-12-08
13309,scheduled,2026-09-22,2026-11-24,2026-12-01
13311,scheduled,2026-09-22,2026-12-11,2026-12-18
13312,scheduled,2026-09-22,2026-11-27,2026-12-04
13314,scheduled,2026-09-22,2026-11-30,2026-12-07
13316,scheduled,2026-09-22,2026-11-28,2026-12-05
13317,scheduled,2026-09-22,2026-11-25,2026-12-02
13320,scheduled,2026-09-22,2026-12-09,2026-12-16
13321,scheduled,2026-09-22,2026-12-06,2026-12-13
13322,scheduled,2026-09-22,2026-12-09,2026-12-16
13323,scheduled,2026-09-22,2026-12-11,2026-12-18
13324,scheduled,2026-09-22,2026-12-06,2026-12-13
13325,scheduled,2026-09-22,2026-12-10,2026-12-17
13326,scheduled,2026-09-22,2026-12-07,2026-12-14
13327,scheduled,2026-09-22,2026-12-02,2026-12-09
13330,scheduled,2026-09-22,2026-12-11,2026-12-18
13331,scheduled,2026-09-22,2026-11-26,2026-12-03
13332,scheduled,2026-09-22,2026-12-03,2026-12-10
13334,scheduled,2026-09-22,2026-11-24,2026-12-01
13335,scheduled,2026-09-22,2026-11-27,2026-12-04
13336,scheduled,2026-09-22,2026-12-02,2026-12-09
13338,scheduled,2026-09-22,2026-12-05,2026-12-12
13341,scheduled,2026-09-22,2026-11-21,2026-12-01
13342,scheduled,2026-09-22,2026-11-19,2026-11-29
13343,scheduled,2026-09-22,2026-11-30,2026-12-10
13344,scheduled,2026-09-22,2026-11-21,2026-12-01
13345,scheduled,2026-09-22,2026-12-02,2026-12-12
13347,scheduled,2026-09-22,2026-11-26,2026-12-06
13348,scheduled,2026-09-22,2026-12-08,2026-12-18
13349,scheduled,2026-09-22,2026-11-27,2026-12-07
13350,scheduled,2026-09-22,2026-11-18,2026-11-28
13351,scheduled,2026-09-22,2026-11-29,2026-12-09
13353,scheduled,2026-09-22,2026-12-07,2026-12-17
13354,scheduled,2026-09-22,2026-11-24,2026-12-04
13355,scheduled,2026-09-22,2026-12-09,2026-12-19
13356,scheduled,2026-09-22,2026-12-02,2026-12-12
13357,scheduled,2026-09-22,2026-12-06,2026-12-16
13358,scheduled,2026-09-22,2026-12-02,2026-12-12
13359,scheduled,2026-09-22,2026-11-30,2026-12-10
13360,scheduled,2026-09-22,2026-11-30,2026-12-10
13361,scheduled,2026-09-22,2026-11-29,2026-12-09
13362,scheduled,2026-09-22,2026-12-07,2026-12-17
13363,scheduled,2026-09-22,2026-12-03,2026-12-13
13367,scheduled,2026-09-22,2026-11-28,2026-12-08
13368,scheduled,2026-09-22,2026-11-18,2026-11-28
13371,scheduled,2026-09-22,2026-11-19,2026-11-29
13373,scheduled,2026-09-22,2026-12-04,2026-12-14
13374,scheduled,2026-09-22,2026-11-23,2026-12-03
13376,scheduled,2026-09-22,2026-11-19,2026-11-29
13377,scheduled,2026-09-22,2026-11-25,2026-12-05
13378,scheduled,2026-09-22,2026-11-29,2026-12-09
13379,scheduled,2026-09-22,2026-12-08,2026-12-18
13380,scheduled,2026-09-22,2026-11-22,2026-12-02
13381,scheduled,2026-09-22,2026-12-01,2026-12-11
13383,scheduled,2026-09-22,2026-11-18,2026-11-28
13384,scheduled,2026-09-22,2026-11-30,2026-12-10
13385,scheduled,2026-09-22,2026-11-30,2026-12-14
13386,scheduled,2026-09-22,2026-11-17,2026-12-01
13387,scheduled,2026-09-22,2026-11-21,2026-12-05
13388,scheduled,2026-09-22,2026-12-02,2026-12-16
13389,scheduled,2026-09-22,2026-12-01,2026-12-15
13390,scheduled,2026-09-22,2026-11-28,2026-12-12
13391,scheduled,2026-09-22,2026-11-26,2026-12-10
13394,scheduled,2026-09-22,2026-11-24,2026-12-08
13395,scheduled,2026-09-22,2026-11-21,2026-12-05
13396,scheduled,2026-09-22,2026-12-04,2026-12-18
13398,scheduled,2026-09-22,2026-11-17,2026-12-01
13401,scheduled,2026-09-22,2026-11-28,2026-12-12
13402,scheduled,2026-09-22,2026-11-19,2026-12-03
13403,scheduled,2026-09-22,2026-12-01,2026-12-15
13404,scheduled,2026-09-22,2026-11-21,2026-12-05
13405,scheduled,2026-09-22,2026-12-05,2026-12-19
13406,scheduled,2026-09-22,2026-11-22,2026-12-06
13407,scheduled,2026-09-22,2026-11-20,2026-12-04
13410,scheduled,2026-09-22,2026-12-01,2026-12-15
13414,scheduled,2026-09-22,2026-11-18,2026-12-02
13415,scheduled,2026-09-22,2026-11-27,2026-12-11
13416,scheduled,2026-09-22,2026-11-15,2026-11-29
13418,scheduled,2026-09-22,2026-11-20,2026-12-04
13420,scheduled,2026-09-22,2026-11-17,2026-12-05
13421,scheduled,2026-09-22,2026-11-30,2026-12-18
13422,scheduled,2026-09-22,2026-11-26,2026-12-14
13424,scheduled,2026-09-22,2026-11-21,2026-12-09
13425,scheduled,2026-09-22,2026-11-27,2026-12-15
13426,scheduled,2026-09-22,2026-11-24,2026-12-12
13427,scheduled,2026-09-22,2026-11-23,2026-12-11
13428,scheduled,2026-09-22,2026-11-15,2026-12-03
13430,scheduled,2026-09-22,2026-11-17,2026-12-05
13431,scheduled,2026-09-22,2026-11-11,2026-11-29
13432,scheduled,2026-09-22,2026-11-10,2026-11-28
13433,scheduled,2026-09-22,2026-11-16,2026-12-04
13436,scheduled,2026-09-22,2026-11-21,2026-12-09
13437,scheduled,2026-09-22,2026-11-16,2026-12-04
13438,scheduled,2026-09-22,2026-11-25,2026-12-13
13439,scheduled,2026-09-22,2026-11-24,2026-12-12
13440,scheduled,2026-09-22,2026-11-21,2026-12-09
13441,scheduled,2026-09-22,2026-11-10,2026-11-28
13442,scheduled,2026-09-22,2026-11-16,2026-12-04
13443,scheduled,2026-09-22,2026-11-28,2026-12-16
13444,scheduled,2026-09-22,2026-11-17,2026-12-05
13446,scheduled,2026-09-22,2026-11-11,2026-11-29
13448,scheduled,2026-09-22,2026-11-14,2026-12-02
13451,scheduled,2026-09-22,2026-11-29,2026-12-17
13455,scheduled,2026-09-22,2026-11-10,2026-11-28
13456,scheduled,2026-09-22,2026-11-10,2026-11-28
13457,scheduled,2026-09-22,2026-11-25,2026-12-13
13458,scheduled,2026-09-22,2026-11-17,2026-12-05
13459,scheduled,2026-09-22,2026-11-10,2026-11-28
13460,scheduled,2026-09-22,2026-12-01,2026-12-19
13462,scheduled,2026-09-22,2026-11-30,2026-12-18
13463,scheduled,2026-09-22,2026-11-27,2026-12-15
13464,scheduled,2026-09-22,2026-11-10,2026-11-28
13465,scheduled,2026-09-22,2026-11-16,2026-12-04
13466,scheduled,2026-09-22,2026-11-15,2026-12-03
